team_id,id,icpc_id,name,display_name,group_ids,organization_id
spb408,1112226,1112226,Muffix Sassif,Muffix Sassif,37944,8827
spb412,1112227,1112227,pomidodora,pomidodora,37944,1338
spb426,1112229,1112229,Old but Gold,Old but Gold,37944,7857
spb434,1112230,1112230,Late to the Party,Late to the Party,37944,1623
spb326,1112231,1112231,OUTATIME,OUTATIME,37944,1338
spb504,1112232,1112232,Hamster Bad Treap,Hamster Bad Treap,37944,993
spb516,1112233,1112233,Dikaya slivayka,Dikaya slivayka,37944,1338
spb528,1112234,1112234,Voronezh SU C,Voronezh SU C,37944,2663
spb403,1112235,1112235,ЗАВРЫ,ЗАВРЫ,37944,1623
spb308,1112236,1112236,net(,net(,37944,7857
spb336,1112237,1112237,WA on test 1,WA on test 1,37944,8830
spb534,1112238,1112238,2-tas,2-tas,37944,7505
spb612,1112240,1112240,Singularity Hub 1,Singularity Hub 1,37944,26225
spb313,1112241,1112241,hop on doreshka,hop on doreshka,37944,1623
spb419,1112242,1112242,Dorogu Osilit Idushiy,Dorogu Osilit Idushiy,37944,8827
spb421,1112243,1112243,Penza SU A,Penza SU A,37944,1447
spb519,1112244,1112244,Volgograd STU 1,Volgograd STU 1,37944,2659
spb606,1112245,1112245,Brain Damaged,Brain Damaged,37944,8827
spb523,1112246,1112246,Team A,Team A,37944,993
spb537,1112249,1112249,Official representatives of PascalABC.NET,Official representatives of PascalABC.NET,37944,1548
spb629,1112250,1112250,Fans of kuhnya,Fans of kuhnya,37944,1338
spb211,1112251,1112251,Aho-Ko$arik,Aho-Ko$arik,37944,3517
spb225,1112252,1112252,Not Mordor,Not Mordor,37944,1210
spb235,1112257,1112257,title,title,37944,11128
spb303,1112259,1112259,Inflation,Inflation,37944,993
spb711,1112260,1112260,Singularity Hub 2,Singularity Hub 2,37944,26225
spb634,1112262,1112262,chin chopa,chin chopa,37944,1336
spb129,1112264,1112264,NAS_orda,NAS_orda,37944,1623
spb207,1112267,1112267,TSU 1,TSU 1,37944,1868
kaz024,1119018,1119018,Integrity in Innovative Al-Khwizard Uplift,Integrity in Innovative Al-Khwizard Uplift,37942,15135
kaz083,1119019,1119019,Tourists,Tourists,37942,7851
kaz015,1119020,1119020,Accountants,Accountants,37942,1887
kaz007,1119021,1119021,Tomorrow's Problem,Tomorrow's Problem,37942,20287
kaz052,1119022,1119022,Awesome Team,Awesome Team,37942,3556
kaz048,1119023,1119023,"Don't panic, Sirojiddin!","Don't panic, Sirojiddin!",37942,20287
kaz003,1119024,1119024,Three Dinosaurs,Three Dinosaurs,37942,20184
kaz031,1119025,1119025,Asteroids,Asteroids,37942,20184
spb513,1119928,1119928,kak nibud,kak nibud,37944,2044
spb436,1119929,1119929,O(0),O(0),37944,2738
spb325,1119930,1119930,blblbl,blblbl,37944,2738
spb503,1119931,1119931,Sobaka utonula,Sobaka utonula,37944,5731
spb527,1119932,1119932,Vologda SU 1,Vologda SU 1,37944,7504
spb611,1119933,1119933,ArbuzTeam,ArbuzTeam,37944,2738
spb338,1119934,1119934,Makari v atake 2.0,Makari v atake 2.0,37944,1403
spb708,1119935,1119935,RSATU 1,RSATU 1,37944,1560
spb206,1119936,1119936,tung tung dikiy CodoPes,tung tung dikiy CodoPes,37944,2738
spb428,1120381,1120381,HFTilted,HFTilted,37944,3295
spb432,1120382,1120382,Log'n'roll,Log'n'roll,37944,1802
spb514,1120383,1120383,make vologda great again,make vologda great again,37944,3295
spb327,1120384,1120384,I See Personal Computer,I See Personal Computer,37944,1802
spb333,1120385,1120385,Z(function),Z(function),37944,1802
spb415,1120386,1120386,X.,X.,37944,1802
spb425,1120387,1120387,Sign Extended Xor,Sign Extended Xor,37944,1802
spb532,1120388,1120388,bobry,bobry,37944,3295
spb312,1120389,1120389,Deprecated 25,Deprecated 25,37944,3295
spb418,1120390,1120390,Deprecated AI,Deprecated AI,37944,9606
spb502,1120391,1120391,PMI,PMI,37944,10615
spb518,1120392,1120392,VoloGoyda,VoloGoyda,37944,3295
spb608,1120393,1120393,skkv enjoyers,skkv enjoyers,37944,3295
spb524,1120394,1120394,HSExDESTROYERS,HSExDESTROYERS,37944,9606
spb536,1120395,1120395,melon,melon,37944,5320
spb614,1120396,1120396,Baranki GNU/Linux,Baranki GNU/Linux,37944,1456
spb321,1120397,1120397,gelendzhik2009,gelendzhik2009,37944,5320
spb226,1120398,1120398,Eat spoon by racoon (no caveat),Eat spoon by racoon (no caveat),37944,1456
spb234,1120399,1120399,1703,1703,37944,1592
spb304,1120400,1120400,Black Bears,Black Bears,37944,1587
spb316,1120401,1120401,80TnGrechki.SUT,80TnGrechki.SUT,37944,4325
spb632,1120402,1120402,we like to move it,we like to move it,37944,1584
spb625,1120403,1120403,O(no) complexity,O(no) complexity,37944,1456
kaz081,1120496,1120496,katharsis,katharsis,37942,25208
kaz012,1120497,1120497,Segmentation Fault Enjoyers,Segmentation Fault Enjoyers,37942,4330
kaz026,1120498,1120498,Fixiki,Fixiki,37942,1018
kaz036,1120499,1120499,Bish Bash Bosh,Bish Bash Bosh,37942,4330
kaz063,1120500,1120500,While(True)Team,While(True)Team,37942,423
kaz050,1120501,1120501,Zhihad lovers,Zhihad lovers,37942,4330
kaz004,1120502,1120502,SU15,SU15,37942,985
kaz002,1120503,1120503,Code Queens,Code Queens,37942,988
kaz042,1120504,1120504,SU2,SU2,37942,985
kaz077,1120505,1120505,EnergoBlock,EnergoBlock,37942,10369
kaz021,1120506,1120506,All-in,All-in,37942,986
kaz032,1120507,1120507,Team 1,Team 1,37942,2686
kaz016,1120508,1120508,Syganak,Syganak,37942,26534
kaz008,1120509,1120509,Kazakh Painters,Kazakh Painters,37942,1844
kaz054,1120510,1120510,"OYAN, QAZAQ!","OYAN, QAZAQ!",37942,1632
kaz006,1120511,1120511,Aituorithm,Aituorithm,37942,10637
kaz044,1120512,1120512,Try catch us,Try catch us,37942,10637
kaz022,1120513,1120513,KAN,KAN,37942,1844
kaz060,1120514,1120514,SU1,SU1,37942,985
kaz068,1120515,1120515,Adai+Alban+Dulat,Adai+Alban+Dulat,37942,4330
kaz039,1120516,1120516,Pobedimye,Pobedimye,37942,10637
kaz064,1120517,1120517,Red Dragons,Red Dragons,37942,26534
kaz066,1120518,1120518,Vibecoders,Vibecoders,37942,1844
kaz017,1120519,1120519,TORNADO++,TORNADO++,37942,989
kaz035,1120520,1120520,len' dumat',len' dumat',37942,989
kaz020,1120521,1120521,Bread Pitt,Bread Pitt,37942,5816
kaz045,1120522,1120522,Geoma Enjoyers?,Geoma Enjoyers?,37942,989
kaz073,1120523,1120523,Straw Hat,Straw Hat,37942,1844
kaz070,1120524,1120524,One more line,One more line,37942,989
kaz065,1120525,1120525,Nonchalant Batmen,Nonchalant Batmen,37942,10637
kaz013,1120526,1120526,3eps,3eps,37942,6514
kaz030,1120527,1120527,Vserossiyskiy Geologicheskiy Institut (VSEGEI),Vserossiyskiy Geologicheskiy Institut (VSEGEI),37942,6514
kaz055,1120528,1120528,DosTeam,DosTeam,37942,6514
kaz082,1120529,1120529,Wild Jokers,Wild Jokers,37942,10637
kaz074,1120530,1120530,IITU 1,IITU 1,37942,4330
kaz084,1120531,1120531,clearly straight guys from *stan,clearly straight guys from *stan,37942,6514
kaz087,1120532,1120532,Master ka4ka,Master ka4ka,37942,989
kaz001,1120535,1120535,RAII,RAII,37942,61
kaz086,1120536,1120536,SUN,SUN,37942,9885
spb508,1120537,1120537,SpiritWagon,SpiritWagon,37944,1061
spb616,1120538,1120538,Zero Hour,Zero Hour,37944,1061
kaz014,1120539,1120539,Arise UCA,Arise UCA,37942,11063
kaz033,1120540,1120540,ZXC,ZXC,37942,61
kaz041,1120541,1120541,KSTU 1,KSTU 1,37942,9857
kaz049,1120542,1120542,Ivan potniy,Ivan potniy,37942,61
kaz019,1120543,1120543,Mega Creeps,Mega Creeps,37942,14415
kaz053,1120544,1120544,Poponda,Poponda,37942,61
kaz027,1120545,1120545,Fortuna UCA,Fortuna UCA,37942,11063
kaz079,1120546,1120546,Belyashiki(na_2/3),Belyashiki(na_2/3),37942,61
kaz072,1120547,1120547,Kyrgyz STU 3,Kyrgyz STU 3,37942,9857
kaz051,1120548,1120548,Humble UCA,Humble UCA,37942,11063
kaz075,1120549,1120549,k_e_r_UCA,k_e_r_UCA,37942,11063
spb332,1120552,1120552,Simmetriada,Simmetriada,37944,867
spb406,1120566,1120566,ooosland,ooosland,37944,38
spb414,1120567,1120567,Pillar men,Pillar men,37944,206
spb506,1120568,1120568,1 Enigma,1 Enigma,37944,206
spb529,1120569,1120569,not hehe,not hehe,37944,144
spb404,1120570,1120570,kitty-kitty meow-meow,kitty-kitty meow-meow,37944,144
spb311,1120571,1120571,Well done,Well done,37944,144
spb437,1120572,1120572,Programmers Acting Normally In Crisis,Programmers Acting Normally In Crisis,37944,144
spb533,1120573,1120573,Krambambulya,Krambambulya,37944,140
spb402,1120576,1120576,privet mama maksima ☺,privet mama maksima ☺,37944,140
spb307,1120577,1120577,begunki,begunki,37944,140
spb337,1120578,1120578,Belarusian SU 1,Belarusian SU 1,37944,144
spb315,1120579,1120579,jazz band,jazz band,37944,962
spb604,1120580,1120580,VSU 1,VSU 1,37944,2650
spb212,1120581,1120581,Grodno SU 1 6,Grodno SU 1 6,37944,2732
spb618,1120582,1120582,Grodno SU 3 2,Grodno SU 3 2,37944,2732
spb626,1120584,1120584,you need proof?,you need proof?,37944,144
spb223,1120585,1120585,Aonbel haters,Aonbel haters,37944,140
spb229,1120609,1120609,Any problems?,Any problems?,37944,3347
spb602,1120610,1120610,Lunar Flame,Lunar Flame,37944,3347
geo016,1120682,1120682,AUA1,AUA1,37945,5330
geo047,1120683,1120683,6741426,6741426,37945,2742
geo020,1120684,1120684,The Lion,The Lion,37945,2742
geo049,1120685,1120685,Binary Trio,Binary Trio,37945,2742
geo040,1120686,1120686,2 AMH,2 AMH,37945,1558
geo002,1120687,1120687,Ctrl+Alt+Derive,Ctrl+Alt+Derive,37945,2742
geo011,1120688,1120688,AUA2,AUA2,37945,5330
geo024,1120689,1120689,4 Torvec,4 Torvec,37945,1558
geo045,1120690,1120690,RAU 3,RAU 3,37945,1558
geo037,1120691,1120691,1 GALENA,1 GALENA,37945,1558
geo031,1120692,1120692,NUACA1,NUACA1,37945,10639
geo038,1120693,1120693,NUACA2,NUACA2,37945,10639
geo030,1120752,1120752,ADA U 2,ADA U 2,37945,7544
geo048,1120753,1120753,BHOS 1,BHOS 1,37945,7118
geo028,1120754,1120754,Khazar U 1,Khazar U 1,37945,7162
geo001,1120755,1120755,ADA U 1,ADA U 1,37945,7544
geo032,1120756,1120756,ADA U 7,ADA U 7,37945,7544
geo008,1120757,1120757,ADA U 12,ADA U 12,37945,7544
geo018,1120758,1120758,BHOS 3,BHOS 3,37945,7118
geo004,1120759,1120759,ADA U 10,ADA U 10,37945,7544
geo026,1120760,1120760,Karabakh U 1,Karabakh U 1,37945,26036
geo010,1120761,1120761,BEU 1,BEU 1,37945,3673
geo042,1120762,1120762,NAA 2,NAA 2,37945,6583
geo006,1120763,1120763,NAA 1,NAA 1,37945,6583
geo039,1120764,1120764,AzTU 4,AzTU 4,37945,5348
geo044,1120765,1120765,BHOS 2,BHOS 2,37945,7118
geo041,1120766,1120766,Azerbaijan U 1,Azerbaijan U 1,37945,7141
geo013,1120767,1120767,BSU 1,BSU 1,37945,9809
geo034,1120768,1120768,BHOS 9,BHOS 9,37945,7118
geo036,1120769,1120769,UFAZ 4,UFAZ 4,37945,14937
geo012,1120770,1120770,BEU 8,BEU 8,37945,3673
geo033,1120771,1120771,UFAZ 18,UFAZ 18,37945,14937
geo009,1120772,1120772,AzSUE-UNEC 2,AzSUE-UNEC 2,37945,9794
kaz061,1120777,1120777,Code Ventus,Code Ventus,37942,26612
kaz010,1120779,1120779,Dota Haram,Dota Haram,37942,9865
kaz034,1120780,1120780,Radikal,Radikal,37942,9864
kaz046,1120781,1120781,Plov team,Plov team,37942,9865
kaz005,1120782,1120782,DII,DII,37942,26696
kaz023,1120783,1120783,TTU 2,TTU 2,37942,11071
kaz037,1120784,1120784,TNU,TNU,37942,9867
kaz062,1120785,1120785,Megzara),Megzara),37942,11071
kaz029,1120837,1120837,Unexpected ones,Unexpected ones,37942,26614
kaz011,1120838,1120838,Unfazed 3.0,Unfazed 3.0,37942,6187
kaz085,1120839,1120839,WUT 1,WUT 1,37942,26091
kaz076,1120840,1120840,Starborn,Starborn,37942,201
kaz047,1120841,1120841,#sus,#sus,37942,20184
kaz056,1120842,1120842,Synaptics,Synaptics,37942,15135
kaz067,1120843,1120843,WIUTBEK,WIUTBEK,37942,6187
kaz071,1120861,1120861,Binary Legends,Binary Legends,37942,20287
spb227,1120863,1120863,Yellow Pencil,Yellow Pencil,37944,867
nsk001,1120870,1120870,Goydochka,Goydochka,37943,3535
nsk002,1120871,1120871,find(solution),find(solution),37943,867
nsk011,1120872,1120872,Samovari,Samovari,37943,866
nsk022,1120873,1120873,Tercio,Tercio,37943,867
nsk032,1120874,1120874,Calleaks,Calleaks,37943,866
nsk004,1120875,1120875,Bolnye na golovu,Bolnye na golovu,37943,203
nsk031,1120876,1120876,[LE] [W] POCHEMU PLP,[LE] [W] POCHEMU PLP,37943,3535
spb319,1120877,1120877,raise RKN(404),raise RKN(404),37944,5324
nsk045,1120878,1120878,README.mp4,README.mp4,37943,866
spb128,1120885,1120885,3,3,37944,14047
spb132,1120886,1120886,treap,treap,37944,1592
spb636,1120887,1120887,Clever people,Clever people,37944,7043
spb714,1120888,1120888,herzen team,herzen team,37944,5341
spb127,1120889,1120889,Tricky Ones,Tricky Ones,37944,2732
spb205,1120890,1120890,GPT pride,GPT pride,37944,144
spb715,1120891,1120891,Untitled,Untitled,37944,183
spb216,1120892,1120892,Collyapse,Collyapse,37944,608
nsk059,1120893,1120893,Blockchain,Blockchain,37943,866
spb238,1120895,1120895,ISPU 1,ISPU 1,37944,920
spb215,1120896,1120896,VibeCodeforces,VibeCodeforces,37944,2044
spb213,1120897,1120897,Chill Guy Coders,Chill Guy Coders,37944,26185
spb624,1120898,1120898,css-guru.h,css-guru.h,37944,3347
geo043,1120899,1120899,Olimp1,Olimp1,37945,26505
geo023,1120900,1120900,UniqueCoders,UniqueCoders,37945,26499
geo015,1120901,1120901,ttweii1,ttweii1,37945,26502
geo021,1120902,1120902,IUHD 2,IUHD 2,37945,26498
geo022,1120903,1120903,IUHD 3,IUHD 3,37945,26498
geo014,1120904,1120904,oguzlar,oguzlar,37945,26499
spb407,1120909,1120909,looks like a team name,looks like a team name,37944,5316
spb433,1120910,1120910,ck feel it,ck feel it,37944,5316
spb507,1120911,1120911,TrAkToR74,TrAkToR74,37944,271
spb531,1120912,1120912,Kot Review,Kot Review,37944,5316
spb334,1120913,1120913,K&B++,K&B++,37944,5316
spb424,1120914,1120914,Karam Baby,Karam Baby,37944,25172
spb309,1120915,1120915,Ardecs Team,Ardecs Team,37944,923
spb438,1120916,1120916,keks feks peks,keks feks peks,37944,5316
spb322,1120917,1120917,Soup Team,Soup Team,37944,5316
spb233,1120918,1120918,Hannah's Ultimate winning Union,Hannah's Ultimate winning Union,37944,1759
spb305,1120919,1120919,Evo Megaknight,Evo Megaknight,37944,6535
spb605,1120920,1120920,Three-headed programmer: Final reckoning,Three-headed programmer: Final reckoning,37944,1759
spb615,1120921,1120921,Abjatsandal,Abjatsandal,37944,6535
spb522,1120922,1120922,kik0s enjoyers,kik0s enjoyers,37944,1759
spb538,1120923,1120923,dibrovtsy!,dibrovtsy!,37944,25172
spb628,1120924,1120924,Vunderkindy,Vunderkindy,37944,2052
spb317,1120925,1120925,Primates,Primates,37944,923
spb208,1120926,1120926,krips,krips,37944,1406
spb712,1120927,1120927,RISable PEople,RISable PEople,37944,1450
spb222,1120928,1120928,We love cats,We love cats,37944,2052
spb706,1120929,1120929,Lopata s laputoi,Lopata s laputoi,37944,1452
spb134,1120930,1120930,Algorithmically Awesome Penguin,Algorithmically Awesome Penguin,37944,1450
spb204,1120931,1120931,time's forge,time's forge,37944,6535
spb716,1120932,1120932,AA,AA,37944,2052
spb217,1120933,1120933,Kurgan SU 1,Kurgan SU 1,37944,1050
kaz059,1120934,1120934,Zhubanov,Zhubanov,37942,5796
kaz057,1120935,1120935,DataKillers,DataKillers,37942,973
spb237,1121215,1121215,chicky-bricky,chicky-bricky,37944,1044
spb707,1121216,1121216,Lipetsk STU 1,Lipetsk STU 1,37944,1098
spb133,1121217,1121217,Max kodit dazhe na parkovke,Max kodit dazhe na parkovke,37944,7857
kaz080,1121297,1121297,FemseZuCo,FemseZuCo,37942,20184
nsk033,1121298,1121298,Ice Guys,Ice Guys,37943,2727
spb515,1121299,1121299,SpaceDuck,SpaceDuck,37944,524
spb416,1121300,1121300,GooseGang,GooseGang,37944,524
spb324,1121301,1121301,segfault,segfault,37944,524
spb539,1121303,1121303,F4t_E4st_Fre4k1ng_Un1c0rns,F4t_E4st_Fre4k1ng_Un1c0rns,37944,524
nsk012,1121304,1121304,Fire Guys,Fire Guys,37943,2727
spb422,1121305,1121305,AltF4,AltF4,37944,1023
spb512,1121306,1121306,FFTilted,FFTilted,37944,3534
nsk013,1121307,1121307,Triangulation,Triangulation,37943,171
spb413,1121308,1121308,BasketBobr,BasketBobr,37944,3534
spb526,1121309,1121309,DeCode,DeCode,37944,1023
spb427,1121310,1121310,Disagree,Disagree,37944,3534
spb328,1121311,1121311,No souvenirs,No souvenirs,37944,3534
nsk054,1121312,1121312,DeadLock,DeadLock,37943,171
nsk044,1121313,1121313,C--,C--,37943,25167
nsk053,1121314,1121314,Sholom-Aleichem PSU 2,Sholom-Aleichem PSU 2,37943,7983
spb405,1121315,1121315,Na dne,Na dne,37944,3534
spb231,1121316,1121316,Penguins who couldn't register,Penguins who couldn't register,37944,8482
spb435,1121317,1121317,Who cares?,Who cares?,37944,1220
spb505,1121318,1121318,Ctrl+XD,Ctrl+XD,37944,1220
spb335,1121319,1121319,3 Guys No Nutella,3 Guys No Nutella,37944,1220
spb417,1121320,1121320,labubu with matcha,labubu with matcha,37944,3534
spb423,1121321,1121321,MrZver,MrZver,37944,1220
spb517,1121322,1121322,discord.ru,discord.ru,37944,1220
spb633,1121323,1121323,Code::Busters,Code::Busters,37944,524
spb323,1121324,1121324,Central Podpivasy,Central Podpivasy,37944,25895
spb401,1121325,1121325,Mitching Is Pure Talent,Mitching Is Pure Talent,37944,14842
spb439,1121326,1121326,Hic sunt ursi,Hic sunt ursi,37944,1220
spb501,1121327,1121327,Solyanka (hodgepodge),Solyanka (hodgepodge),37944,1237
spb525,1121328,1121328,Cocke Younger Kasami,Cocke Younger Kasami,37944,1220
spb535,1121329,1121329,Crickets in my pocket,Crickets in my pocket,37944,14842
spb607,1121330,1121330,Winless gang,Winless gang,37944,1215
spb613,1121331,1121331,UnderWater,UnderWater,37944,7787
spb228,1121332,1121332,brainshtormim poka,brainshtormim poka,37944,1215
spb232,1121333,1121333,Fiksiki,Fiksiki,37944,1235
spb306,1121334,1121334,CC_i_PC,CC_i_PC,37944,25895
spb314,1121335,1121335,ConTesters,ConTesters,37944,1237
spb339,1121336,1121336,Heroes of Math and Coding,Heroes of Math and Coding,37944,1237
spb631,1121337,1121337,MAI 7,MAI 7,37944,1214
spb209,1121338,1121338,flying above the wave of expulsions,flying above the wave of expulsions,37944,1222
spb603,1121339,1121339,Reactor and Chrome,Reactor and Chrome,37944,1215
spb617,1121340,1121340,Labubu no Bureeki wa Kowareta,Labubu no Bureeki wa Kowareta,37944,1215
spb627,1121341,1121341,Sneaky Random In The Pocket,Sneaky Random In The Pocket,37944,1215
spb709,1121342,1121342,The Meanwhiles,The Meanwhiles,37944,1237
spb224,1121343,1121343,Nails,Nails,37944,8914
spb236,1121344,1121344,MAI 9,MAI 9,37944,1214
spb302,1121345,1121345,2pink,2pink,37944,1237
spb318,1121346,1121346,vpered telegi ne bezhim,vpered telegi ne bezhim,37944,25895
spb131,1121347,1121347,Pedagogical flagship,Pedagogical flagship,37944,1223
spb635,1121348,1121348,This name already exists,This name already exists,37944,1222
spb713,1121349,1121349,NoName,NoName,37944,1235
spb214,1121350,1121350,MAI 3,MAI 3,37944,1214
spb705,1121351,1121351,BMSTU 7,BMSTU 7,37944,130
spb126,1121352,1121352,KLMno,KLMno,37944,1222
spb203,1121353,1121353,Collatz za loglogn,Collatz za loglogn,37944,130
spb136,1121354,1121354,MAI 14,MAI 14,37944,1214
spb609,1121437,1121437,0xDEAD,0xDEAD,37944,2615
spb637,1121463,1121463,Mordovia SU A,Mordovia SU A,37944,1210
spb125,1121464,1121464,Voronezh SU F,Voronezh SU F,37944,2663
spb135,1121465,1121465,2048,2048,37944,7003
nsk025,1121493,1121493,NSUtella,NSUtella,37943,1372
nsk005,1121494,1121494,Romashki,Romashki,37943,1372
nsk021,1121495,1121495,Jewish Baikal Autonomy Territory,Jewish Baikal Autonomy Territory,37943,2010
nsk015,1121496,1121496,MehFit enjoyers,MehFit enjoyers,37943,1372
nsk039,1121497,1121497,mi kama jo e kulupu,mi kama jo e kulupu,37943,1372
nsk043,1121499,1121499,Team name,Team name,37943,1372
nsk042,1121500,1121500,Omsk SU 1,Omsk SU 1,37943,1399
nsk051,1121501,1121501,Bricks,Bricks,37943,1371
nsk041,1121502,1121502,ORDA,ORDA,37943,2015
nsk052,1121503,1121503,SSTU 7,SSTU 7,37943,1704
nsk024,1121504,1121504,One,One,37943,1706
geo046,1121619,1121619,Tbilisi FreeUni 2,Tbilisi FreeUni 2,37945,5724
geo029,1121620,1121620,Gautie,Gautie,37945,15201
geo003,1121621,1121621,Tbilisi FreeUni 1,Tbilisi FreeUni 1,37945,5724
geo027,1121622,1121622,Tbilisi FreeUni 4,Tbilisi FreeUni 4,37945,5724
geo025,1121623,1121623,Tbilisi CU 1,Tbilisi CU 1,37945,3629
geo019,1121624,1121624,Tbilisi FreeUni 16,Tbilisi FreeUni 16,37945,5724
geo035,1121625,1121625,Tbilisi FreeUni 8,Tbilisi FreeUni 8,37945,5724
geo007,1121626,1121626,Tbilisi FreeUni 3,Tbilisi FreeUni 3,37945,5724
geo005,1121627,1121627,Kutaisi ATSU 1,Kutaisi ATSU 1,37945,9789
geo017,1121628,1121628,IBSU 2,IBSU 2,37945,3617
kaz025,1121631,1121631,pomidor,pomidor,37942,5816
kaz040,1121633,1121633,Interstellar,Interstellar,37942,26562
kaz009,1121634,1121634,ZeroBased,ZeroBased,37942,26072
kaz069,1121635,1121635,No way,No way,37942,24740
kaz043,1121737,1121737,tealovers,tealovers,37942,7963
nsk003,1121752,1121752,Novosibirsk SU 6: null busters,Novosibirsk SU 6: null busters,37943,1372
nsk029,1121753,1121753,Novosibirsk SU 7: Stars,Novosibirsk SU 7: Stars,37943,1372